id;processo;0;1;2
1;0006763-57.2017.8.26.0281;"2017-12-06 ";;Conciliação
2;1029358-78.2015.8.26.0224;"2015-12-10 ";;Conciliação
3;1001173-84.2018.4.01.3900;"2019-04-12 15:00:00";"em 9ª Vara Federal Ambiental e Agrária da SJPA.";Conciliação
4;1001173-84.2018.4.01.3900;"2019-04-12 15:00:00";"em 9ª Vara Federal Ambiental e Agrária da SJPA.";conciliação
5;1001173-84.2018.4.01.3900;"2019-04-04 15:00:00";"em 9ª Vara Federal Ambiental e Agrária da SJPA.";Conciliação
6;1001173-84.2018.4.01.3900;"2019-04-04 15:00:00";"em 9ª Vara Federal Ambiental e Agrária da SJPA.";conciliação
7;0001617-23.2009.8.26.0699;"2012-06-13 ";;Conciliação
8;5124027-21.2018.8.09.0031;"2018-05-16 14:00:00";"Cavalcante - Vara Cível";Conciliação
9;8000644-54.2017.8.05.0110;"2019-09-24 11:20:00";;conciliação
10;5124027-21.2018.8.09.0031;"2018-05-16 14:00:00";"Cavalcante - Vara Cível";Conciliação
11;0700630-77.2018.8.02.0349;"2019-02-13 ";;Conciliação
12;0031319-13.2016.8.19.0004;"2016-08-31 ";;"Inquirição de testemunha"
13;0031319-13.2016.8.19.0004;"2016-11-09 ";;"Inquirição de testemunha"
14;8001116-23.2019.8.05.0001;"2019-04-12 15:40:00";;conciliação
15;8001135-29.2019.8.05.0001;"2019-04-29 09:40:00";;conciliação
16;5003163-43.2018.4.04.7203;"2019-05-10 13:30:00";"Sala 1";
17;0001101-66.2010.8.26.0699;"2011-05-10 ";;Conciliação
18;0001731-76.2008.8.10.0008;"2008-09-12 13:00:00";;CONCILIAÇÃO
19;5055805-79.2016.4.04.7100;"2017-05-24 14:30:00";"9ª VARA FEDERAL DE PORTO ALEGRE";
20;5055805-79.2016.4.04.7100;"2017-06-08 14:30:00";"9ª VARA FEDERAL DE PORTO ALEGRE";
21;5049234-92.2016.4.04.7100;"2017-05-24 14:30:00";"9ª VARA FEDERAL DE PORTO ALEGRE";
22;5049234-92.2016.4.04.7100;"2017-06-08 14:30:00";"9ª VARA FEDERAL DE PORTO ALEGRE";
23;5002206-08.2019.4.04.7203;"2019-07-17 13:00:00";"Sala 1";
24;0001063-46.2019.8.26.0244;"2019-07-29 ";;Conciliação
25;5000315-63.2016.4.04.7103;"2019-10-09 14:30:00";"2ª VARA FEDERAL E JEF CÍVEL";
26;0006716-48.2009.8.26.0642;"2012-03-23 ";;Preliminar
27;0006716-48.2009.8.26.0642;"2012-08-31 ";;Preliminar
28;0016769-89.2015.4.02.5101;"2019-10-17 14:30:00";"Sala Audiência Vara Única de Angra dos Reis";
29;0016769-89.2015.4.02.5101;"2020-05-27 16:30:00";"Sala Audiência VF Angra dos Reis/Fórum VR/RJ";
30;5049852-42.2013.4.04.7100;"2016-08-10 15:30:00";"9ª VARA FEDERAL DE PORTO ALEGRE";
31;5049852-42.2013.4.04.7100;"2016-08-09 15:30:00";"9ª VARA FEDERAL DE PORTO ALEGRE";
32;5049852-42.2013.4.04.7100;"2017-06-12 14:30:00";"9ª VARA FEDERAL DE PORTO ALEGRE";
33;0003400-90.2019.8.05.0244;"2020-03-16 09:00:00";;Conciliação
34;0000224-66.2008.8.02.0020;"2016-04-07 ";;"Instrução e Julgamento"
35;0000224-66.2008.8.02.0020;"2019-09-04 ";;"Instrução e Julgamento"
36;0005213-04.2016.8.14.0020;"2016-11-24 ";tribunal;CONCILIAÇÃO
37;5001410-36.2018.4.04.7208;"2018-06-06 14:00:00";"SALA DE AUDIÊNCIAS 3º VARA";
38;5001234-08.2020.8.13.0352;"2020-08-26 14:50:00";"2ª Vara Cível, Criminal e da Infância e da Juventude da Comarca de Januária";Justificação
39;5001234-08.2020.8.13.0352;"2020-09-29 14:50:00";"2ª Vara Cível, Criminal e da Infância e da Juventude da Comarca de Januária";Justificação
40;5001234-08.2020.8.13.0352;"2020-08-26 14:50:00";"2ª Vara Cível, Criminal e da Infância e da Juventude da Comarca de Januária.";"Justificação #conduzida por {dirigida_por}"
41;5001234-08.2020.8.13.0352;"2020-06-23 15:30:00";"2ª Vara Cível, Criminal e da Infância e da Juventude da Comarca de Januária.";Justificação
42;0010846-35.2011.8.03.0001;"2012-10-17 11:00:48";;conciliação
43;0010846-35.2011.8.03.0001;"2013-03-06 09:18:02";;conciliação
44;1021441-03.2020.4.01.3800;"2022-12-06 14:00:00";"4ª Vara Federal Cível e Agrária da SSJ de Belo Horizonte.";conciliação
45;5000559-75.2015.4.04.7119;"2015-06-30 14:30:00";"Sala de audiência 01";
46;5000559-75.2015.4.04.7119;"2015-11-05 16:00:00";"Sala de audiência 01";
47;5000559-75.2015.4.04.7119;"2015-12-03 14:00:00";"Sala de audiência 01";
48;5000559-75.2015.4.04.7119;"2016-03-17 09:00:00";"Sala de audiência 01";
49;5000559-75.2015.4.04.7119;"2016-03-18 09:00:00";"Sala de audiência 01";
50;0000112-79.2018.8.27.2727;"2019-08-08 13:30:00";"Sala de Conciliação";
51;5042245-75.2013.4.04.7100;"2014-03-10 14:00:00";"9ª VARA FEDERAL DE PORTO ALEGRE";
52;5042245-75.2013.4.04.7100;"2014-04-10 14:00:00";"9ª VARA FEDERAL DE PORTO ALEGRE";
53;5042245-75.2013.4.04.7100;"2014-07-14 14:00:00";"9ª VARA FEDERAL DE PORTO ALEGRE";
54;5042245-75.2013.4.04.7100;"2016-04-20 14:30:00";"9ª VARA FEDERAL DE PORTO ALEGRE";
55;5042245-75.2013.4.04.7100;"2016-08-03 14:30:00";"9ª VARA FEDERAL DE PORTO ALEGRE";
56;5042245-75.2013.4.04.7100;"2016-08-04 14:30:00";"9ª VARA FEDERAL DE PORTO ALEGRE";
57;5042245-75.2013.4.04.7100;"2016-10-05 14:30:00";"9ª VARA FEDERAL DE PORTO ALEGRE";
58;5042245-75.2013.4.04.7100;"2016-11-23 14:30:00";"9ª VARA FEDERAL DE PORTO ALEGRE";
59;5035789-12.2013.4.04.7100;"2014-03-10 14:00:00";"9ª VARA FEDERAL DE PORTO ALEGRE";
60;5035789-12.2013.4.04.7100;"2014-04-10 14:00:00";"9ª VARA FEDERAL DE PORTO ALEGRE";
61;5035789-12.2013.4.04.7100;"2014-07-14 14:00:00";"9ª VARA FEDERAL DE PORTO ALEGRE";
62;5035789-12.2013.4.04.7100;"2014-10-21 14:00:00";"9ª VARA FEDERAL DE PORTO ALEGRE";
63;5035789-12.2013.4.04.7100;"2016-04-20 14:30:00";"9ª VARA FEDERAL DE PORTO ALEGRE";
64;5035789-12.2013.4.04.7100;"2016-08-03 14:30:00";"9ª VARA FEDERAL DE PORTO ALEGRE";
65;5035789-12.2013.4.04.7100;"2016-08-04 14:30:00";"9ª VARA FEDERAL DE PORTO ALEGRE";
66;5035789-12.2013.4.04.7100;"2016-10-05 14:30:00";"9ª VARA FEDERAL DE PORTO ALEGRE";
67;5035789-12.2013.4.04.7100;"2016-11-23 14:30:00";"9ª VARA FEDERAL DE PORTO ALEGRE";
68;0004610-11.2012.8.26.0642;"2013-09-24 ";;Conciliação
69;0000162-26.2019.8.24.0053;"2020-10-20 15:00:00";"Sala de audiências do Juízo Comum";
70;8001135-29.2019.8.05.0001;"2019-04-29 09:40:00";;conciliação
71;8001116-23.2019.8.05.0001;"2019-04-12 15:40:00";;conciliação
72;0802952-94.2019.8.10.0034;"2019-11-13 10:00:00";"1ª Vara de Codó.";oitiva/inquirição
73;0802952-94.2019.8.10.0034;"2020-03-18 09:00:00";"1ª Vara de Codó.";oitiva/inquirição
74;0802952-94.2019.8.10.0034;"2020-10-08 16:30:00";"1ª Vara de Codó.";oitiva/inquirição
75;8000644-54.2017.8.05.0110;"2019-09-24 11:20:00";;conciliação
76;0001374-53.2015.8.03.0006;"2019-03-19 13:12:52";;conciliação
77;5000776-53.2021.8.13.0611;"2021-05-17 12:40:00";"1º Juizado Especial Cível da Comarca de São Francisco";Conciliação
78;0037607-40.2010.8.03.0001;"2012-06-19 09:00:00";"5ª VARA CÍVEL E DE FAZENDA PÚBLICA";preliminar
79;0037607-40.2010.8.03.0001;"2012-07-06 10:42:53";"5ª VARA CÍVEL E DE FAZENDA PÚBLICA";preliminar
80;0037607-40.2010.8.03.0001;"2012-07-26 10:23:09";;preliminar
81;5000105-20.2013.4.04.7102;"2015-03-04 14:30:00";"2ª VARA FEDERAL DE SANTA MARIA";
82;5000105-20.2013.4.04.7102;"2015-03-05 14:30:00";VIDEOCONFERÊNCIA;
83;0005205-37.2018.8.14.0091;"2019-06-05 ";tribunal;
84;5093843-34.2014.4.04.7100;"2016-03-07 14:30:00";"9ª VARA FEDERAL DE PORTO ALEGRE";
85;5093843-34.2014.4.04.7100;"2015-06-23 15:30:00";"9ª VARA FEDERAL DE PORTO ALEGRE";
86;5093843-34.2014.4.04.7100;"2015-06-25 14:00:00";"9ª VARA FEDERAL DE PORTO ALEGRE";
87;1000631-60.2018.4.01.3902;"2019-02-27 14:30:00";"em 2ª Vara Federal Cível e Criminal da SSJ de Santarém-PA.";Conciliação
88;1000631-60.2018.4.01.3902;"2019-02-27 14:30:00";"em 2ª Vara Federal Cível e Criminal da SSJ de Santarém-PA.";conciliação
89;8001678-98.2016.8.05.0110;"2017-10-25 11:50:00";;conciliação
90;0013403-48.2019.8.13.0611;"2022-04-26 15:30:00";"1º Juizado Especial Cível e Criminal da Comarca de São Francisco";Conciliação
91;0800097-05.2018.4.05.8101;"2021-03-10 15:00:00";Audiência;instrução
92;0800097-05.2018.4.05.8101;"2020-05-06 15:00:00";Audiência;instrução
93;0800097-05.2018.4.05.8101;"2019-02-12 16:00:00";Audiência;instrução
94;0800097-05.2018.4.05.8101;"2018-11-20 16:05:00";Audiência;instrução
95;5001234-08.2020.8.13.0352;"2020-08-26 14:50:00";"2ª Vara Cível, Criminal e da Infância e da Juventude da Comarca de Januária";Justificação
96;5001234-08.2020.8.13.0352;"2020-09-29 14:50:00";"2ª Vara Cível, Criminal e da Infância e da Juventude da Comarca de Januária";Justificação
97;5001234-08.2020.8.13.0352;"2020-08-26 14:50:00";"2ª Vara Cível, Criminal e da Infância e da Juventude da Comarca de Januária.";"Justificação #conduzida por {dirigida_por}"
98;5001234-08.2020.8.13.0352;"2020-06-23 15:30:00";"2ª Vara Cível, Criminal e da Infância e da Juventude da Comarca de Januária.";Justificação
99;0000299-10.2004.8.26.0172;"2005-11-28 ";;"Conciliação Art. 334  CPC"
100;0800307-87.2022.8.19.0019;"2022-10-13 14:00:00";"Juizado Especial Adjunto Cível da Comarca de Cordeiro.";Conciliação
101;1021441-03.2020.4.01.3800;"2022-12-06 14:00:00";"4ª Vara Federal Cível e Agrária da SSJ de Belo Horizonte.";conciliação
102;5000449-44.2023.8.13.0351;"2023-03-14 08:00:00";"Unidade Jurisdicional da Comarca de Janaúba";Conciliação
103;0001181-42.2017.5.08.0115;"2018-07-23 08:15:00";"VARA DO TRABALHO DE SANTA IZABEL DO PARÁ";una
104;0001182-27.2017.5.08.0115;"2018-07-23 08:20:00";"VARA DO TRABALHO DE SANTA IZABEL DO PARÁ";una
105;0001183-12.2017.5.08.0115;"2018-07-23 08:25:00";"VARA DO TRABALHO DE SANTA IZABEL DO PARÁ";una
106;0001185-79.2017.5.08.0115;"2018-07-23 08:35:00";"VARA DO TRABALHO DE SANTA IZABEL DO PARÁ";una
107;0001180-57.2017.5.08.0115;"2018-07-23 08:10:00";"VARA DO TRABALHO DE SANTA IZABEL DO PARÁ";una
108;0001176-20.2017.5.08.0115;"2018-07-19 09:10:00";"VARA DO TRABALHO DE SANTA IZABEL DO PARÁ";una
109;0001177-05.2017.5.08.0115;"2018-07-19 09:15:00";"VARA DO TRABALHO DE SANTA IZABEL DO PARÁ";una
110;0001178-87.2017.5.08.0115;"2018-07-19 09:20:00";"VARA DO TRABALHO DE SANTA IZABEL DO PARÁ";una
111;0001175-35.2017.5.08.0115;"2018-07-19 09:05:00";"VARA DO TRABALHO DE SANTA IZABEL DO PARÁ";una
112;0000907-35.2017.5.05.0221;"2017-08-24 09:27:00";"1ª Vara do Trabalho de Alagoinhas";una
113;0001049-92.2015.5.19.0003;"2016-07-01 10:00:00";"3ª Vara do Trabalho de Maceió";instrução
114;0001049-92.2015.5.19.0003;"2016-07-11 12:20:00";"3ª Vara do Trabalho de Maceió";julgamento
115;0001049-92.2015.5.19.0003;"2016-04-28 14:45:00";"3ª Vara do Trabalho de Maceió";instrução
116;0001049-92.2015.5.19.0003;"2015-11-03 12:40:00";"3ª Vara do Trabalho de Maceió";julgamento
117;0001049-92.2015.5.19.0003;"2015-10-21 09:00:00";"3ª Vara do Trabalho de Maceió";inicial
118;0001049-92.2015.5.19.0003;"2015-09-04 09:20:00";"3ª Vara do Trabalho de Maceió";inicial
119;0000283-44.2015.5.19.0260;"2015-05-07 10:30:00";"2ª Vara do Trabalho de União dos Palmares";una
120;0000326-29.2015.5.23.0111;"2015-08-06 10:15:00";"VARA DO TRABALHO DE CAMPO NOVO DO PARECIS";una
121;0000326-29.2015.5.23.0111;"2015-08-06 10:15:00";"VARA DO TRABALHO DE CAMPO NOVO DO PARECIS";"una - rtsum"
122;0000327-14.2015.5.23.0111;"2015-08-06 10:40:00";"VARA DO TRABALHO DE CAMPO NOVO DO PARECIS";una
123;0000327-14.2015.5.23.0111;"2015-08-06 10:40:00";"VARA DO TRABALHO DE CAMPO NOVO DO PARECIS";"una - rtsum"
124;0000042-03.2015.5.19.0056;"2015-04-16 10:40:00";"Vara do Trabalho de São Luiz do Quitunde";instrução
125;0000042-03.2015.5.19.0056;"2015-03-19 10:00:00";"Vara do Trabalho de São Luiz do Quitunde";inicial
126;0000042-03.2015.5.19.0056;"2015-03-03 09:00:00";"Vara do Trabalho de São Luiz do Quitunde";inicial
127;0000042-03.2015.5.19.0056;"2015-02-11 09:15:00";"Vara do Trabalho de São Luiz do Quitunde";inicial
128;0000047-93.2015.5.19.0001;"2015-07-14 14:30:00";"1ª Vara do Trabalho de Maceió";instrução
129;0000047-93.2015.5.19.0001;"2015-06-09 09:10:00";"1ª Vara do Trabalho de Maceió";inicial
130;0000012-65.2015.5.19.0056;"2015-04-22 15:15:00";"Vara do Trabalho de São Luiz do Quitunde";julgamento
131;0000012-65.2015.5.19.0056;"2015-03-31 11:40:00";"Vara do Trabalho de São Luiz do Quitunde";instrução
132;0000012-65.2015.5.19.0056;"2015-03-24 10:40:00";"Vara do Trabalho de São Luiz do Quitunde";instrução
133;0000012-65.2015.5.19.0056;"2015-03-03 10:40:00";"Vara do Trabalho de São Luiz do Quitunde";instrução
134;0000012-65.2015.5.19.0056;"2015-02-04 09:35:00";"Vara do Trabalho de São Luiz do Quitunde";inicial
135;0001300-82.2014.5.19.0056;"2015-01-28 09:30:00";"Vara do Trabalho de São Luiz do Quitunde";inicial
136;0001245-34.2014.5.19.0056;"2014-12-09 13:30:00";"Vara do Trabalho de São Luiz do Quitunde";inicial
137;0001247-04.2014.5.19.0056;"2014-12-09 13:40:00";"Vara do Trabalho de São Luiz do Quitunde";inicial
138;0001244-49.2014.5.19.0056;"2015-01-07 10:00:00";"Vara do Trabalho de São Luiz do Quitunde";julgamento
139;0001244-49.2014.5.19.0056;"2014-12-17 09:55:00";"Vara do Trabalho de São Luiz do Quitunde";una
140;0001244-49.2014.5.19.0056;"2014-12-09 13:25:00";"Vara do Trabalho de São Luiz do Quitunde";inicial
141;0001246-19.2014.5.19.0056;"2015-01-07 10:45:00";"Vara do Trabalho de São Luiz do Quitunde";julgamento
142;0001246-19.2014.5.19.0056;"2014-12-17 11:20:00";"Vara do Trabalho de São Luiz do Quitunde";instrução
143;0001246-19.2014.5.19.0056;"2014-12-09 13:35:00";"Vara do Trabalho de São Luiz do Quitunde";inicial
144;0001229-80.2014.5.19.0056;"2015-02-10 15:30:00";"Vara do Trabalho de São Luiz do Quitunde";julgamento
145;0001229-80.2014.5.19.0056;"2015-01-28 11:40:00";"Vara do Trabalho de São Luiz do Quitunde";instrução
146;0001229-80.2014.5.19.0056;"2014-12-17 11:00:00";"Vara do Trabalho de São Luiz do Quitunde";instrução
147;0001229-80.2014.5.19.0056;"2014-12-03 09:05:00";"Vara do Trabalho de São Luiz do Quitunde";inicial
148;0001223-73.2014.5.19.0056;"2015-02-05 11:00:00";"Vara do Trabalho de São Luiz do Quitunde";una
149;0001223-73.2014.5.19.0056;"2015-01-27 13:10:00";"Vara do Trabalho de São Luiz do Quitunde";una
150;0001223-73.2014.5.19.0056;"2014-11-27 09:55:00";"Vara do Trabalho de São Luiz do Quitunde";inicial
151;0001203-82.2014.5.19.0056;"2015-01-07 10:15:00";"Vara do Trabalho de São Luiz do Quitunde";julgamento
152;0001203-82.2014.5.19.0056;"2014-12-17 10:50:00";"Vara do Trabalho de São Luiz do Quitunde";instrução
153;0001203-82.2014.5.19.0056;"2014-12-02 14:20:00";"Vara do Trabalho de São Luiz do Quitunde";instrução
154;0001203-82.2014.5.19.0056;"2014-11-26 09:20:00";"Vara do Trabalho de São Luiz do Quitunde";inicial
155;0001201-15.2014.5.19.0056;"2014-11-26 09:10:00";"Vara do Trabalho de São Luiz do Quitunde";una
156;0001853-29.2014.5.19.0057;"2015-01-27 10:30:00";"Vara do Trabalho de Porto Calvo";una
157;0001853-29.2014.5.19.0057;"2014-12-10 10:00:00";"Vara do Trabalho de Porto Calvo";una
158;0001853-29.2014.5.19.0057;"2014-12-03 09:00:00";"Vara do Trabalho de Porto Calvo";una
159;0001181-24.2014.5.19.0056;"2014-12-09 14:40:00";"Vara do Trabalho de São Luiz do Quitunde";instrução
160;0001181-24.2014.5.19.0056;"2014-11-18 09:50:00";"Vara do Trabalho de São Luiz do Quitunde";inicial
161;0001175-17.2014.5.19.0056;"2014-11-18 09:20:00";"Vara do Trabalho de São Luiz do Quitunde";inicial
162;0001172-62.2014.5.19.0056;"2014-12-15 09:00:00";"Vara do Trabalho de São Luiz do Quitunde";julgamento
163;0001172-62.2014.5.19.0056;"2014-12-09 12:25:00";"Vara do Trabalho de São Luiz do Quitunde";una
164;0001172-62.2014.5.19.0056;"2014-11-18 09:05:00";"Vara do Trabalho de São Luiz do Quitunde";inicial
165;0001674-57.2014.5.19.0005;"2014-11-19 14:00:00";"5ª Vara do Trabalho de Maceió";una
166;0001170-92.2014.5.19.0056;"2014-11-26 09:40:00";"Vara do Trabalho de São Luiz do Quitunde";instrução
167;0001170-92.2014.5.19.0056;"2014-11-13 09:10:00";"Vara do Trabalho de São Luiz do Quitunde";inicial
168;0001153-56.2014.5.19.0056;"2014-12-19 11:45:00";"Vara do Trabalho de São Luiz do Quitunde";julgamento
169;0001153-56.2014.5.19.0056;"2014-11-27 10:20:00";"Vara do Trabalho de São Luiz do Quitunde";instrução
170;0001153-56.2014.5.19.0056;"2014-11-11 09:20:00";"Vara do Trabalho de São Luiz do Quitunde";inicial
171;0001154-41.2014.5.19.0056;"2014-12-19 11:30:00";"Vara do Trabalho de São Luiz do Quitunde";julgamento
172;0001154-41.2014.5.19.0056;"2014-11-27 10:15:00";"Vara do Trabalho de São Luiz do Quitunde";instrução
173;0001154-41.2014.5.19.0056;"2014-11-11 09:25:00";"Vara do Trabalho de São Luiz do Quitunde";inicial
174;0001158-78.2014.5.19.0056;"2014-11-11 09:45:00";"Vara do Trabalho de São Luiz do Quitunde";inicial
175;0001155-26.2014.5.19.0056;"2014-12-19 11:15:00";"Vara do Trabalho de São Luiz do Quitunde";julgamento
176;0001155-26.2014.5.19.0056;"2014-11-27 10:10:00";"Vara do Trabalho de São Luiz do Quitunde";instrução
177;0001155-26.2014.5.19.0056;"2014-11-11 09:30:00";"Vara do Trabalho de São Luiz do Quitunde";inicial
178;0001156-11.2014.5.19.0056;"2014-12-19 11:00:00";"Vara do Trabalho de São Luiz do Quitunde";julgamento
179;0001156-11.2014.5.19.0056;"2014-11-27 10:05:00";"Vara do Trabalho de São Luiz do Quitunde";instrução
180;0001156-11.2014.5.19.0056;"2014-11-11 09:35:00";"Vara do Trabalho de São Luiz do Quitunde";inicial
181;0001157-93.2014.5.19.0056;"2014-12-19 10:45:00";"Vara do Trabalho de São Luiz do Quitunde";julgamento
182;0001157-93.2014.5.19.0056;"2014-11-27 10:00:00";"Vara do Trabalho de São Luiz do Quitunde";instrução
183;0001157-93.2014.5.19.0056;"2014-11-11 09:40:00";"Vara do Trabalho de São Luiz do Quitunde";inicial
184;0001151-86.2014.5.19.0056;"2014-12-19 12:15:00";"Vara do Trabalho de São Luiz do Quitunde";julgamento
185;0001151-86.2014.5.19.0056;"2014-11-27 10:30:00";"Vara do Trabalho de São Luiz do Quitunde";instrução
186;0001151-86.2014.5.19.0056;"2014-11-11 09:10:00";"Vara do Trabalho de São Luiz do Quitunde";inicial
187;0001152-71.2014.5.19.0056;"2014-12-19 12:00:00";"Vara do Trabalho de São Luiz do Quitunde";julgamento
188;0001152-71.2014.5.19.0056;"2014-11-27 10:25:00";"Vara do Trabalho de São Luiz do Quitunde";instrução
189;0001152-71.2014.5.19.0056;"2014-11-11 09:15:00";"Vara do Trabalho de São Luiz do Quitunde";inicial
190;0001146-64.2014.5.19.0056;"2014-11-20 10:50:00";"Vara do Trabalho de São Luiz do Quitunde";instrução
191;0001146-64.2014.5.19.0056;"2014-11-06 09:10:00";"Vara do Trabalho de São Luiz do Quitunde";inicial
192;0001147-49.2014.5.19.0056;"2014-11-27 10:50:00";"Vara do Trabalho de São Luiz do Quitunde";instrução
193;0001147-49.2014.5.19.0056;"2014-11-20 11:00:00";"Vara do Trabalho de São Luiz do Quitunde";instrução
194;0001147-49.2014.5.19.0056;"2014-11-06 09:15:00";"Vara do Trabalho de São Luiz do Quitunde";inicial
195;0001148-34.2014.5.19.0056;"2014-11-20 11:10:00";"Vara do Trabalho de São Luiz do Quitunde";instrução
196;0001148-34.2014.5.19.0056;"2014-11-17 11:10:00";"Vara do Trabalho de São Luiz do Quitunde";instrução
197;0001148-34.2014.5.19.0056;"2014-11-06 09:20:00";"Vara do Trabalho de São Luiz do Quitunde";inicial
198;0001118-96.2014.5.19.0056;"2014-10-28 12:30:00";"Vara do Trabalho de São Luiz do Quitunde";inicial
199;0001116-29.2014.5.19.0056;"2014-11-04 09:40:00";"Vara do Trabalho de São Luiz do Quitunde";instrução
200;0001116-29.2014.5.19.0056;"2014-10-30 10:10:00";"Vara do Trabalho de São Luiz do Quitunde";instrução
201;0001116-29.2014.5.19.0056;"2014-10-22 09:20:00";"Vara do Trabalho de São Luiz do Quitunde";inicial
202;0001109-37.2014.5.19.0056;"2014-10-22 11:10:00";"Vara do Trabalho de São Luiz do Quitunde";instrução
203;0001109-37.2014.5.19.0056;"2014-10-21 14:10:00";"Vara do Trabalho de São Luiz do Quitunde";inicial
204;0001249-41.2014.5.19.0260;"2014-10-22 09:40:00";"2ª Vara do Trabalho de União dos Palmares";una
205;0001096-38.2014.5.19.0056;"2014-11-04 09:20:00";"Vara do Trabalho de São Luiz do Quitunde";una
206;0001096-38.2014.5.19.0056;"2014-10-30 09:40:00";"Vara do Trabalho de São Luiz do Quitunde";una
207;0001096-38.2014.5.19.0056;"2014-10-21 13:20:00";"Vara do Trabalho de São Luiz do Quitunde";inicial
208;0001242-49.2014.5.19.0260;"2014-10-21 10:40:00";"2ª Vara do Trabalho de União dos Palmares";una
209;0001084-24.2014.5.19.0056;"2014-10-21 12:40:00";"Vara do Trabalho de São Luiz do Quitunde";inicial
210;0001273-90.2014.5.19.0059;"2015-01-21 12:15:00";"Vara do Trabalho de Penedo";"conciliação em execução"
211;0001273-90.2014.5.19.0059;"2014-10-15 08:30:00";"Vara do Trabalho de Penedo";inicial
212;0001274-75.2014.5.19.0059;"2015-01-21 12:10:00";"Vara do Trabalho de Penedo";"conciliação em execução"
213;0001274-75.2014.5.19.0059;"2014-10-15 08:30:00";"Vara do Trabalho de Penedo";inicial
214;0001269-53.2014.5.19.0059;"2015-01-21 12:05:00";"Vara do Trabalho de Penedo";"conciliação em execução"
215;0001269-53.2014.5.19.0059;"2014-10-15 08:10:00";"Vara do Trabalho de Penedo";inicial
216;0001270-38.2014.5.19.0059;"2015-01-21 12:00:00";"Vara do Trabalho de Penedo";"conciliação em execução"
217;0001270-38.2014.5.19.0059;"2014-10-15 08:15:00";"Vara do Trabalho de Penedo";inicial
218;0001700-93.2014.5.19.0057;"2014-11-04 09:00:00";"Vara do Trabalho de Porto Calvo";una
219;0001700-93.2014.5.19.0057;"2014-10-23 10:01:00";"Vara do Trabalho de Porto Calvo";una
220;0001054-86.2014.5.19.0056;"2014-10-07 13:45:00";"Vara do Trabalho de São Luiz do Quitunde";inicial
221;0001052-19.2014.5.19.0056;"2014-10-01 11:10:00";"Vara do Trabalho de São Luiz do Quitunde";instrução
222;0001052-19.2014.5.19.0056;"2014-09-24 09:40:00";"Vara do Trabalho de São Luiz do Quitunde";inicial
223;0001053-04.2014.5.19.0056;"2014-10-14 13:10:00";"Vara do Trabalho de São Luiz do Quitunde";instrução
224;0001053-04.2014.5.19.0056;"2014-10-01 11:30:00";"Vara do Trabalho de São Luiz do Quitunde";instrução
225;0001053-04.2014.5.19.0056;"2014-09-24 09:45:00";"Vara do Trabalho de São Luiz do Quitunde";inicial
226;0001043-57.2014.5.19.0056;"2014-10-07 13:40:00";"Vara do Trabalho de São Luiz do Quitunde";una
227;0001043-57.2014.5.19.0056;"2014-09-23 10:05:00";"Vara do Trabalho de São Luiz do Quitunde";inicial
228;0001047-94.2014.5.19.0056;"2014-10-01 11:00:00";"Vara do Trabalho de São Luiz do Quitunde";instrução
229;0001047-94.2014.5.19.0056;"2014-09-24 09:20:00";"Vara do Trabalho de São Luiz do Quitunde";inicial
230;0001049-64.2014.5.19.0056;"2014-10-01 11:20:00";"Vara do Trabalho de São Luiz do Quitunde";instrução
231;0001049-64.2014.5.19.0056;"2014-09-24 09:30:00";"Vara do Trabalho de São Luiz do Quitunde";inicial
232;0001196-78.2014.5.19.0060;"2015-02-11 09:50:00";"1ª Vara do Trabalho de União dos Palmares";una
233;0001036-65.2014.5.19.0056;"2014-10-01 10:20:00";"Vara do Trabalho de São Luiz do Quitunde";una
234;0001036-65.2014.5.19.0056;"2014-09-23 09:25:00";"Vara do Trabalho de São Luiz do Quitunde";una
235;0001193-26.2014.5.19.0060;"2015-02-10 11:00:00";"1ª Vara do Trabalho de União dos Palmares";una
236;0001030-58.2014.5.19.0056;"2014-10-01 10:00:00";"Vara do Trabalho de São Luiz do Quitunde";una
237;0001030-58.2014.5.19.0056;"2014-09-23 09:05:00";"Vara do Trabalho de São Luiz do Quitunde";inicial
238;0001032-28.2014.5.19.0056;"2014-10-01 10:10:00";"Vara do Trabalho de São Luiz do Quitunde";una
239;0001032-28.2014.5.19.0056;"2014-09-23 09:10:00";"Vara do Trabalho de São Luiz do Quitunde";inicial
240;0001168-92.2014.5.19.0260;"2014-11-06 11:10:00";"2ª Vara do Trabalho de União dos Palmares";una
241;0001168-92.2014.5.19.0260;"2014-10-09 09:50:00";"2ª Vara do Trabalho de União dos Palmares";una
242;0001144-64.2014.5.19.0260;"2014-11-04 11:20:00";"2ª Vara do Trabalho de União dos Palmares";una
243;0001144-64.2014.5.19.0260;"2014-10-07 10:10:00";"2ª Vara do Trabalho de União dos Palmares";una
244;0001158-66.2014.5.19.0060;"2015-02-04 10:10:00";"1ª Vara do Trabalho de União dos Palmares";una
245;0001011-52.2014.5.19.0056;"2014-09-09 10:05:00";"Vara do Trabalho de São Luiz do Quitunde";inicial
246;0000995-98.2014.5.19.0056;"2014-09-10 09:10:00";"Vara do Trabalho de São Luiz do Quitunde";inicial
247;0000995-98.2014.5.19.0056;"2014-09-04 09:10:00";"Vara do Trabalho de São Luiz do Quitunde";inicial
248;0000965-63.2014.5.19.0056;"2015-02-05 09:05:00";"Vara do Trabalho de São Luiz do Quitunde";"conciliação em conhecimento"
249;0000965-63.2014.5.19.0056;"2014-09-17 16:00:00";"Vara do Trabalho de São Luiz do Quitunde";julgamento
250;0000965-63.2014.5.19.0056;"2014-09-10 09:30:00";"Vara do Trabalho de São Luiz do Quitunde";instrução
251;0000965-63.2014.5.19.0056;"2014-09-04 10:10:00";"Vara do Trabalho de São Luiz do Quitunde";instrução
252;0000965-63.2014.5.19.0056;"2014-08-27 10:10:00";"Vara do Trabalho de São Luiz do Quitunde";inicial
253;0000961-26.2014.5.19.0056;"2014-09-17 10:35:00";"Vara do Trabalho de São Luiz do Quitunde";instrução
254;0000961-26.2014.5.19.0056;"2014-09-10 09:20:00";"Vara do Trabalho de São Luiz do Quitunde";instrução
255;0000961-26.2014.5.19.0056;"2014-09-04 09:50:00";"Vara do Trabalho de São Luiz do Quitunde";instrução
256;0000961-26.2014.5.19.0056;"2014-08-27 09:50:00";"Vara do Trabalho de São Luiz do Quitunde";inicial
257;0000955-19.2014.5.19.0056;"2014-08-27 09:25:00";"Vara do Trabalho de São Luiz do Quitunde";inicial
258;0000956-04.2014.5.19.0056;"2014-08-27 09:30:00";"Vara do Trabalho de São Luiz do Quitunde";inicial
259;0000958-71.2014.5.19.0056;"2014-08-27 09:35:00";"Vara do Trabalho de São Luiz do Quitunde";inicial
260;0000941-35.2014.5.19.0056;"2014-08-26 13:40:00";"Vara do Trabalho de São Luiz do Quitunde";inicial
261;0000938-80.2014.5.19.0056;"2014-08-26 13:25:00";"Vara do Trabalho de São Luiz do Quitunde";inicial
262;0000929-21.2014.5.19.0056;"2014-08-26 12:00:00";"Vara do Trabalho de São Luiz do Quitunde";instrução
263;0000929-21.2014.5.19.0056;"2014-08-20 09:05:00";"Vara do Trabalho de São Luiz do Quitunde";inicial
264;0000923-14.2014.5.19.0056;"2014-08-26 12:20:00";"Vara do Trabalho de São Luiz do Quitunde";instrução
265;0000923-14.2014.5.19.0056;"2014-08-19 13:50:00";"Vara do Trabalho de São Luiz do Quitunde";inicial
266;0000920-59.2014.5.19.0056;"2014-08-19 13:30:00";"Vara do Trabalho de São Luiz do Quitunde";inicial
267;0000921-44.2014.5.19.0056;"2014-08-19 13:35:00";"Vara do Trabalho de São Luiz do Quitunde";inicial
268;0001313-78.2014.5.19.0057;"2014-08-12 09:57:00";"Vara do Trabalho de Porto Calvo";una
269;0000901-53.2014.5.19.0056;"2014-07-30 13:00:00";"Vara do Trabalho de São Luiz do Quitunde";una
270;0000901-53.2014.5.19.0056;"2014-08-06 09:30:00";"Vara do Trabalho de São Luiz do Quitunde";una
271;0000902-38.2014.5.19.0056;"2014-07-30 13:05:00";"Vara do Trabalho de São Luiz do Quitunde";una
272;0000902-38.2014.5.19.0056;"2014-08-06 09:35:00";"Vara do Trabalho de São Luiz do Quitunde";una
273;0000903-23.2014.5.19.0056;"2014-08-22 09:00:00";"Vara do Trabalho de São Luiz do Quitunde";julgamento
274;0000903-23.2014.5.19.0056;"2014-08-12 13:40:00";"Vara do Trabalho de São Luiz do Quitunde";instrução
275;0000903-23.2014.5.19.0056;"2014-08-06 09:40:00";"Vara do Trabalho de São Luiz do Quitunde";inicial
276;0000880-77.2014.5.19.0056;"2014-08-05 13:25:00";"Vara do Trabalho de São Luiz do Quitunde";inicial
277;0000879-92.2014.5.19.0056;"2014-08-05 13:20:00";"Vara do Trabalho de São Luiz do Quitunde";inicial
278;0000870-33.2014.5.19.0056;"2014-08-06 11:30:00";"Vara do Trabalho de São Luiz do Quitunde";instrução
279;0000870-33.2014.5.19.0056;"2014-07-30 10:05:00";"Vara do Trabalho de São Luiz do Quitunde";inicial
280;0000843-50.2014.5.19.0056;"2014-07-23 09:45:00";"Vara do Trabalho de São Luiz do Quitunde";inicial
281;0000825-29.2014.5.19.0056;"2014-07-22 13:45:00";"Vara do Trabalho de São Luiz do Quitunde";inicial
282;0000809-75.2014.5.19.0056;"2014-07-16 10:05:00";"Vara do Trabalho de São Luiz do Quitunde";inicial
283;0000800-16.2014.5.19.0056;"2014-07-16 09:20:00";"Vara do Trabalho de São Luiz do Quitunde";inicial
284;0000803-68.2014.5.19.0056;"2014-07-16 09:30:00";"Vara do Trabalho de São Luiz do Quitunde";inicial
285;0000811-33.2014.5.19.0060;"2015-08-12 11:50:00";"1ª Vara do Trabalho de União dos Palmares";una
286;0000811-33.2014.5.19.0060;"2015-08-04 11:30:00";"1ª Vara do Trabalho de União dos Palmares";una
287;0000811-33.2014.5.19.0060;"2015-06-09 11:20:00";"1ª Vara do Trabalho de União dos Palmares";una
288;0000811-33.2014.5.19.0060;"2014-12-12 12:40:00";"1ª Vara do Trabalho de União dos Palmares";julgamento
289;0000811-33.2014.5.19.0060;"2014-12-04 08:40:00";"1ª Vara do Trabalho de União dos Palmares";instrução
290;0000811-33.2014.5.19.0060;"2014-12-03 09:10:00";"1ª Vara do Trabalho de União dos Palmares";instrução
291;0000811-33.2014.5.19.0060;"2014-10-28 10:40:00";"1ª Vara do Trabalho de União dos Palmares";una
292;0000799-98.2014.5.19.0260;"2014-08-07 10:00:00";"2ª Vara do Trabalho de União dos Palmares";una
293;0000761-19.2014.5.19.0056;"2014-07-09 09:05:00";"Vara do Trabalho de São Luiz do Quitunde";inicial
294;0000756-94.2014.5.19.0056;"2014-07-29 13:45:00";"Vara do Trabalho de São Luiz do Quitunde";inicial
295;0000756-94.2014.5.19.0056;"2014-07-08 14:10:00";"Vara do Trabalho de São Luiz do Quitunde";inicial
296;0000757-79.2014.5.19.0056;"2014-07-29 13:50:00";"Vara do Trabalho de São Luiz do Quitunde";inicial
297;0000757-79.2014.5.19.0056;"2014-07-08 14:15:00";"Vara do Trabalho de São Luiz do Quitunde";inicial
298;0002173-62.2017.5.19.0061;"2018-03-13 09:00:00";"Vara do Trabalho de Arapiraca";una
299;0001180-63.2017.5.07.0025;"2017-11-21 08:50:00";"Única Vara do Trabalho de Crateús";una
300;0000348-06.2014.5.19.0056;"2015-02-05 10:00:00";"Vara do Trabalho de São Luiz do Quitunde";"conciliação em conhecimento"
301;0000348-06.2014.5.19.0056;"2014-05-08 14:30:00";"Vara do Trabalho de São Luiz do Quitunde";julgamento
302;0000348-06.2014.5.19.0056;"2014-04-23 10:55:00";"Vara do Trabalho de São Luiz do Quitunde";inicial
303;0000235-52.2014.5.19.0056;"2014-12-03 11:40:00";"Vara do Trabalho de São Luiz do Quitunde";"conciliação em conhecimento"
304;0000235-52.2014.5.19.0056;"2014-04-22 16:15:00";"Vara do Trabalho de São Luiz do Quitunde";julgamento
305;0000235-52.2014.5.19.0056;"2014-04-08 08:50:00";"Vara do Trabalho de São Luiz do Quitunde";instrução
306;0000235-52.2014.5.19.0056;"2014-04-02 09:30:00";"Vara do Trabalho de São Luiz do Quitunde";instrução
307;0000235-52.2014.5.19.0056;"2014-03-26 09:35:00";"Vara do Trabalho de São Luiz do Quitunde";una
308;0000495-32.2014.5.19.0056;"2014-06-03 15:30:00";"Vara do Trabalho de São Luiz do Quitunde";inicial
309;0000495-32.2014.5.19.0056;"2014-05-20 14:55:00";"Vara do Trabalho de São Luiz do Quitunde";inicial
310;0000114-24.2014.5.19.0056;"2014-10-02 13:00:00";"Vara do Trabalho de São Luiz do Quitunde";"conciliação em conhecimento"
311;0000114-24.2014.5.19.0056;"2014-04-28 14:30:00";"Vara do Trabalho de São Luiz do Quitunde";julgamento
312;0000114-24.2014.5.19.0056;"2014-04-10 11:10:00";"Vara do Trabalho de São Luiz do Quitunde";instrução
313;0000114-24.2014.5.19.0056;"2014-03-25 11:50:00";"Vara do Trabalho de São Luiz do Quitunde";instrução
314;0000114-24.2014.5.19.0056;"2014-03-19 11:10:00";"Vara do Trabalho de São Luiz do Quitunde";instrução
315;0000114-24.2014.5.19.0056;"2014-02-19 10:45:00";"Vara do Trabalho de São Luiz do Quitunde";inicial
316;0000469-34.2014.5.19.0056;"2015-02-12 10:10:00";"Vara do Trabalho de São Luiz do Quitunde";"conciliação em conhecimento"
317;0000469-34.2014.5.19.0056;"2014-05-23 10:45:00";"Vara do Trabalho de São Luiz do Quitunde";julgamento
318;0000469-34.2014.5.19.0056;"2014-05-14 11:05:00";"Vara do Trabalho de São Luiz do Quitunde";inicial
319;0000352-43.2014.5.19.0056;"2014-05-20 17:25:00";"Vara do Trabalho de São Luiz do Quitunde";julgamento
320;0000352-43.2014.5.19.0056;"2014-05-08 10:15:00";"Vara do Trabalho de São Luiz do Quitunde";inicial
321;0000352-43.2014.5.19.0056;"2014-04-29 14:10:00";"Vara do Trabalho de São Luiz do Quitunde";inicial
322;0002079-64.2017.5.20.0004;"2018-04-26 08:25:00";"4ª Vara do Trabalho de Aracaju";una
323;0001983-43.2017.5.20.0006;"2018-02-21 08:25:00";"6ª Vara do Trabalho de Aracaju";una
324;0000730-96.2014.5.19.0056;"2014-07-15 15:50:00";"Vara do Trabalho de São Luiz do Quitunde";instrução
325;0000730-96.2014.5.19.0056;"2014-07-09 10:10:00";"Vara do Trabalho de São Luiz do Quitunde";inicial
326;0000730-96.2014.5.19.0056;"2014-07-01 14:20:00";"Vara do Trabalho de São Luiz do Quitunde";inicial
327;0000735-21.2014.5.19.0056;"2014-07-02 10:25:00";"Vara do Trabalho de São Luiz do Quitunde";inicial
328;0000736-06.2014.5.19.0056;"2014-07-02 10:30:00";"Vara do Trabalho de São Luiz do Quitunde";inicial
329;0000715-30.2014.5.19.0056;"2014-07-01 13:05:00";"Vara do Trabalho de São Luiz do Quitunde";inicial
330;0000726-59.2014.5.19.0056;"2014-07-09 10:05:00";"Vara do Trabalho de São Luiz do Quitunde";inicial
331;0000726-59.2014.5.19.0056;"2014-07-01 14:00:00";"Vara do Trabalho de São Luiz do Quitunde";inicial
332;0000714-45.2014.5.19.0056;"2015-02-12 10:25:00";"Vara do Trabalho de São Luiz do Quitunde";"conciliação em conhecimento"
333;0000714-45.2014.5.19.0056;"2014-07-24 09:30:00";"Vara do Trabalho de São Luiz do Quitunde";julgamento
334;0000714-45.2014.5.19.0056;"2014-07-15 15:40:00";"Vara do Trabalho de São Luiz do Quitunde";instrução
335;0000714-45.2014.5.19.0056;"2014-07-09 10:00:00";"Vara do Trabalho de São Luiz do Quitunde";inicial
336;0000714-45.2014.5.19.0056;"2014-07-01 13:00:00";"Vara do Trabalho de São Luiz do Quitunde";inicial
337;0000652-05.2014.5.19.0056;"2014-06-16 14:45:00";"Vara do Trabalho de São Luiz do Quitunde";inicial
338;0000652-05.2014.5.19.0056;"2014-06-11 10:15:00";"Vara do Trabalho de São Luiz do Quitunde";inicial
339;0000649-50.2014.5.19.0056;"2014-06-10 15:35:00";"Vara do Trabalho de São Luiz do Quitunde";inicial
340;0000650-35.2014.5.19.0056;"2014-06-16 14:40:00";"Vara do Trabalho de São Luiz do Quitunde";inicial
341;0000650-35.2014.5.19.0056;"2014-06-11 10:05:00";"Vara do Trabalho de São Luiz do Quitunde";inicial
342;0000630-44.2014.5.19.0056;"2014-06-10 14:00:00";"Vara do Trabalho de São Luiz do Quitunde";inicial
343;0000055-22.2018.5.06.0391;"2018-03-08 08:13:00";"Vara Única do Trabalho de Salgueiro";inicial
344;0000069-06.2018.5.06.0391;"2018-03-08 11:10:00";"Vara Única do Trabalho de Salgueiro";"conciliação em conhecimento"
345;0000069-06.2018.5.06.0391;"2018-04-03 09:26:00";"Vara Única do Trabalho de Salgueiro";una
346;0000060-15.2018.5.20.0016;"2018-05-16 08:25:00";"Vara do Trabalho de Nossa Senhora da Glória";una
347;0000259-80.2014.5.19.0056;"2014-12-11 10:02:00";"Vara do Trabalho de São Luiz do Quitunde";"conciliação em conhecimento"
348;0000259-80.2014.5.19.0056;"2014-05-15 16:00:00";"Vara do Trabalho de São Luiz do Quitunde";julgamento
349;0000259-80.2014.5.19.0056;"2014-04-28 11:15:00";"Vara do Trabalho de São Luiz do Quitunde";inicial
350;0000259-80.2014.5.19.0056;"2014-04-15 11:15:00";"Vara do Trabalho de São Luiz do Quitunde";inicial
351;0000259-80.2014.5.19.0056;"2014-04-02 10:15:00";"Vara do Trabalho de São Luiz do Quitunde";inicial
352;0000968-48.2015.5.06.0281;"2016-01-26 10:10:00";"1ª Vara do Trabalho de Barreiros";instrução
353;0000968-48.2015.5.06.0281;"2015-10-29 09:00:00";"1ª Vara do Trabalho de Barreiros";inicial
354;0000035-72.2015.5.06.0282;"2015-03-03 08:30:00";"2ª Vara do Trabalho de Barreiros";inicial
355;0000035-72.2015.5.06.0282;"2015-04-14 10:30:00";"2ª Vara do Trabalho de Barreiros";instrução
356;0000738-03.2015.5.06.0282;"2016-04-19 09:26:00";"2ª Vara do Trabalho de Barreiros";"instrução e julgamento"
357;0000738-03.2015.5.06.0282;"2016-02-03 11:30:00";"2ª Vara do Trabalho de Barreiros";instrução
358;0000738-03.2015.5.06.0282;"2015-11-18 10:15:00";"2ª Vara do Trabalho de Barreiros";instrução
359;0000738-03.2015.5.06.0282;"2016-02-24 09:25:00";"2ª Vara do Trabalho de Barreiros";"instrução e julgamento"
360;0000738-03.2015.5.06.0282;"2015-09-22 09:00:00";"2ª Vara do Trabalho de Barreiros";inicial
361;0000034-87.2015.5.06.0282;"2015-03-25 08:35:00";"2ª Vara do Trabalho de Barreiros";inicial
362;0000034-87.2015.5.06.0282;"2015-02-26 08:45:00";"2ª Vara do Trabalho de Barreiros";inicial
363;0000510-27.2018.5.08.0101;"2019-02-25 09:00:00";"1ª VARA DO TRABALHO DE ABAETETUBA";una
364;0000510-27.2018.5.08.0101;"2018-11-19 09:30:00";"1ª VARA DO TRABALHO DE ABAETETUBA";una
365;0000510-27.2018.5.08.0101;"2018-10-02 10:10:00";"1ª VARA DO TRABALHO DE ABAETETUBA";una
366;0000526-38.2018.5.06.0391;"2018-10-16 14:55:00";"Vara Única do Trabalho de Salgueiro";"una (rito sumaríssimo)"
367;0000248-51.2014.5.19.0056;"2014-04-01 10:25:00";"Vara do Trabalho de São Luiz do Quitunde";inicial
368;0000248-51.2014.5.19.0056;"2014-04-09 16:15:00";"Vara do Trabalho de São Luiz do Quitunde";julgamento
369;0000248-51.2014.5.19.0056;"2014-12-11 09:46:00";"Vara do Trabalho de São Luiz do Quitunde";"conciliação em conhecimento"
370;0001765-50.2015.5.08.0125;"2016-05-03 09:10:00";;
371;0001765-50.2015.5.08.0125;"2016-11-22 09:05:00";;
372;0001378-64.2017.5.08.0125;"2018-04-03 12:00:00";;
373;0000138-52.2014.5.19.0056;"2014-10-21 15:40:00";"Vara do Trabalho de São Luiz do Quitunde";"conciliação em conhecimento"
374;0000138-52.2014.5.19.0056;"2014-05-20 17:00:00";"Vara do Trabalho de São Luiz do Quitunde";julgamento
375;0000138-52.2014.5.19.0056;"2014-05-06 09:40:00";"Vara do Trabalho de São Luiz do Quitunde";instrução
376;0000138-52.2014.5.19.0056;"2014-04-01 11:05:00";"Vara do Trabalho de São Luiz do Quitunde";inicial
377;0000138-52.2014.5.19.0056;"2014-02-26 10:10:00";"Vara do Trabalho de São Luiz do Quitunde";inicial
378;0000420-90.2014.5.19.0056;"2014-05-07 10:05:00";"Vara do Trabalho de São Luiz do Quitunde";inicial
379;0000420-90.2014.5.19.0056;"2014-05-20 17:20:00";"Vara do Trabalho de São Luiz do Quitunde";julgamento
380;0000420-90.2014.5.19.0056;"2015-02-12 15:05:00";"Vara do Trabalho de São Luiz do Quitunde";"conciliação em conhecimento"
381;0000135-97.2014.5.19.0056;"2014-02-26 09:55:00";"Vara do Trabalho de São Luiz do Quitunde";inicial
382;0000135-97.2014.5.19.0056;"2014-03-25 11:15:00";"Vara do Trabalho de São Luiz do Quitunde";inicial
383;0000135-97.2014.5.19.0056;"2014-04-10 10:10:00";"Vara do Trabalho de São Luiz do Quitunde";instrução
384;0000135-97.2014.5.19.0056;"2014-04-28 16:45:00";"Vara do Trabalho de São Luiz do Quitunde";julgamento
385;0000135-97.2014.5.19.0056;"2014-10-21 15:30:00";"Vara do Trabalho de São Luiz do Quitunde";"conciliação em conhecimento"
386;0000359-35.2014.5.19.0056;"2015-02-12 11:30:00";"Vara do Trabalho de São Luiz do Quitunde";"conciliação em conhecimento"
387;0000359-35.2014.5.19.0056;"2015-02-05 10:25:00";"Vara do Trabalho de São Luiz do Quitunde";"conciliação em conhecimento"
388;0000359-35.2014.5.19.0056;"2014-05-20 17:50:00";"Vara do Trabalho de São Luiz do Quitunde";julgamento
389;0000359-35.2014.5.19.0056;"2014-05-08 09:45:00";"Vara do Trabalho de São Luiz do Quitunde";inicial
390;0000359-35.2014.5.19.0056;"2014-04-29 10:05:00";"Vara do Trabalho de São Luiz do Quitunde";inicial
391;0010273-13.2019.5.03.0083;"2019-08-20 13:30:00";"Vara do Trabalho de Januária";inicial
392;0010625-67.2019.5.03.0148;"2019-08-01 08:50:00";"Vara do Trabalho de Pará de Minas";una
393;0000132-45.2014.5.19.0056;"2014-02-25 10:55:00";"Vara do Trabalho de São Luiz do Quitunde";inicial
394;0000627-12.2016.5.12.0025;"2016-07-19 13:46:00";"VARA DO TRABALHO DE XANXERÊ";inicial
395;0000627-12.2016.5.12.0025;"2016-12-06 13:25:00";"VARA DO TRABALHO DE XANXERÊ";instrução
396;0000289-45.2015.5.06.0282;"2015-05-26 08:50:00";"2ª Vara do Trabalho de Barreiros";inicial
397;0000289-45.2015.5.06.0282;"2015-07-01 11:30:00";"2ª Vara do Trabalho de Barreiros";instrução
398;0000035-72.2015.5.06.0282;"2015-03-03 08:30:00";"2ª Vara do Trabalho de Barreiros";inicial
399;0000035-72.2015.5.06.0282;"2015-04-14 10:30:00";"2ª Vara do Trabalho de Barreiros";instrução
400;0000470-19.2014.5.19.0056;"2014-05-14 11:10:00";"Vara do Trabalho de São Luiz do Quitunde";inicial
401;0000470-19.2014.5.19.0056;"2014-05-23 11:00:00";"Vara do Trabalho de São Luiz do Quitunde";julgamento
402;0000470-19.2014.5.19.0056;"2015-04-16 10:32:00";"Vara do Trabalho de São Luiz do Quitunde";"conciliação em conhecimento"
403;0000470-19.2014.5.19.0056;"2015-04-22 12:40:00";"Vara do Trabalho de São Luiz do Quitunde";"conciliação em conhecimento"
404;0000239-89.2014.5.19.0056;"2014-12-03 10:40:00";"Vara do Trabalho de São Luiz do Quitunde";"conciliação em conhecimento"
405;0000239-89.2014.5.19.0056;"2014-04-01 09:30:00";"Vara do Trabalho de São Luiz do Quitunde";una
406;0000239-89.2014.5.19.0056;"2014-04-09 16:00:00";"Vara do Trabalho de São Luiz do Quitunde";julgamento
407;0000069-49.2016.5.19.0056;"2016-02-24 09:35:00";"Vara do Trabalho de São Luiz do Quitunde";inicial
408;0000026-77.2014.5.19.0058;"2014-03-25 15:10:00";"Vara do Trabalho de Santana do Ipanema";una
409;0000026-77.2014.5.19.0058;"2014-02-18 15:00:00";"Vara do Trabalho de Santana do Ipanema";una
410;0000026-77.2014.5.19.0058;"2014-04-22 14:50:00";"Vara do Trabalho de Santana do Ipanema";una
411;0000026-77.2014.5.19.0058;"2014-04-10 10:50:00";"Vara do Trabalho de Santana do Ipanema";una
412;0000565-93.2014.5.19.0009;"2014-09-22 14:45:00";"9ª Vara do Trabalho de Maceió";una
413;0000565-93.2014.5.19.0009;"2015-09-23 09:10:00";"9ª Vara do Trabalho de Maceió";"conciliação em execução"
414;0010274-70.2020.5.15.0069;"2020-05-28 14:35:00";"Vara do Trabalho de Registro";inicial
415;0016347-29.2020.5.16.0005;"2021-05-18 08:30:00";" Sala_marcação automática - Vara do Trabalho de Pinheiro";"una (rito sumaríssimo) por videoconferência"
416;0016348-14.2020.5.16.0005;"2021-06-21 14:30:00";" Sala_marcação automática - Vara do Trabalho de Pinheiro";"una (rito sumaríssimo) por videoconferência"
417;0016348-14.2020.5.16.0005;"2021-08-31 09:00:00";" Sala_marcação automática - Vara do Trabalho de Pinheiro";"una (rito sumaríssimo) por videoconferência"
418;0000174-26.2016.5.19.0056;"2016-04-18 08:33:00";"Vara do Trabalho de São Luiz do Quitunde";inicial
419;0000174-26.2016.5.19.0056;"2016-03-30 09:15:00";"Vara do Trabalho de São Luiz do Quitunde";inicial
420;0000144-88.2016.5.19.0056;"2016-03-16 09:20:00";"Vara do Trabalho de São Luiz do Quitunde";inicial
421;0001131-11.2015.5.19.0008;"2017-06-16 09:50:00";"8ª Vara do Trabalho de Maceió";instrução
422;0001131-11.2015.5.19.0008;"2017-10-27 09:10:00";"8ª Vara do Trabalho de Maceió";instrução
423;0001131-11.2015.5.19.0008;"2016-10-06 10:10:00";"8ª Vara do Trabalho de Maceió";instrução
424;0001131-11.2015.5.19.0008;"2016-04-05 13:30:00";"8ª Vara do Trabalho de Maceió";inicial
425;0001131-11.2015.5.19.0008;"2016-01-07 08:25:00";"8ª Vara do Trabalho de Maceió";inicial
426;0001244-49.2014.5.19.0056;"2015-01-07 10:00:00";"Vara do Trabalho de São Luiz do Quitunde";julgamento
427;0001244-49.2014.5.19.0056;"2014-12-17 09:55:00";"Vara do Trabalho de São Luiz do Quitunde";una
428;0001244-49.2014.5.19.0056;"2014-12-09 13:25:00";"Vara do Trabalho de São Luiz do Quitunde";inicial
429;0000166-20.2014.5.19.0056;"2015-02-12 09:15:00";"Vara do Trabalho de São Luiz do Quitunde";"conciliação em conhecimento"
430;0000166-20.2014.5.19.0056;"2014-04-24 15:15:00";"Vara do Trabalho de São Luiz do Quitunde";julgamento
431;0000166-20.2014.5.19.0056;"2014-04-09 09:10:00";"Vara do Trabalho de São Luiz do Quitunde";instrução
432;0000166-20.2014.5.19.0056;"2014-03-12 10:00:00";"Vara do Trabalho de São Luiz do Quitunde";inicial
433;0000685-58.2015.5.19.0056;"2015-07-28 12:40:00";"Vara do Trabalho de São Luiz do Quitunde";instrução
434;0000685-58.2015.5.19.0056;"2015-07-21 13:55:00";"Vara do Trabalho de São Luiz do Quitunde";inicial
435;0000269-27.2014.5.19.0056;"2015-07-28 09:05:00";"Vara do Trabalho de São Luiz do Quitunde";"conciliação em conhecimento"
436;0000269-27.2014.5.19.0056;"2015-02-12 09:20:00";"Vara do Trabalho de São Luiz do Quitunde";"conciliação em conhecimento"
437;0000269-27.2014.5.19.0056;"2014-04-23 16:45:00";"Vara do Trabalho de São Luiz do Quitunde";julgamento
438;0000269-27.2014.5.19.0056;"2014-04-08 09:50:00";"Vara do Trabalho de São Luiz do Quitunde";inicial
439;0000048-93.2022.5.17.0161;"2022-03-15 15:45:00";" Telepresencial 2-par-Juiz auxiliar - Vara do Trabalho de Linhares";inicial
440;0000048-93.2022.5.17.0161;"2022-02-22 15:00:00";" Telepresencial 2-par-Juiz auxiliar - Vara do Trabalho de Linhares";inicial
441;0000359-35.2014.5.19.0056;"2015-02-12 11:30:00";"Vara do Trabalho de São Luiz do Quitunde";"conciliação em conhecimento"
442;0000359-35.2014.5.19.0056;"2015-02-05 10:25:00";"Vara do Trabalho de São Luiz do Quitunde";"conciliação em conhecimento"
443;0000359-35.2014.5.19.0056;"2014-05-20 17:50:00";"Vara do Trabalho de São Luiz do Quitunde";julgamento
444;0000359-35.2014.5.19.0056;"2014-05-08 09:45:00";"Vara do Trabalho de São Luiz do Quitunde";inicial
445;0000359-35.2014.5.19.0056;"2014-04-29 10:05:00";"Vara do Trabalho de São Luiz do Quitunde";inicial
446;0000526-38.2018.5.06.0391;"2018-10-16 14:55:00";"Vara Única do Trabalho de Salgueiro";"una (rito sumaríssimo)"
447;0000307-05.2015.5.19.0056;"2015-04-16 10:10:00";"Vara do Trabalho de São Luiz do Quitunde";inicial
448;0000040-97.2015.5.06.0281;"2015-03-18 10:40:00";"1ª Vara do Trabalho de Barreiros";instrução
449;0000040-97.2015.5.06.0281;"2015-03-03 09:10:00";"1ª Vara do Trabalho de Barreiros";inicial
450;0000134-44.2016.5.19.0056;"2016-03-16 08:30:00";"Vara do Trabalho de São Luiz do Quitunde";inicial
451;0000119-09.2017.5.19.0002;"2017-05-05 13:00:00";"2ª Vara do Trabalho de Maceió";julgamento
452;0000119-09.2017.5.19.0002;"2017-04-26 08:50:00";"2ª Vara do Trabalho de Maceió";inicial
453;0000119-09.2017.5.19.0002;"2017-03-30 09:30:00";"2ª Vara do Trabalho de Maceió";una
454;0000327-59.2016.5.19.0056;"2016-05-23 08:24:00";"Vara do Trabalho de São Luiz do Quitunde";instrução
455;0000327-59.2016.5.19.0056;"2016-05-09 09:35:00";"Vara do Trabalho de São Luiz do Quitunde";inicial
456;0000664-48.2016.5.19.0056;"2016-11-07 08:31:00";"Vara do Trabalho de São Luiz do Quitunde";inicial
457;0000664-48.2016.5.19.0056;"2016-11-14 11:00:00";"Vara do Trabalho de São Luiz do Quitunde";julgamento
458;0000664-48.2016.5.19.0056;"2016-08-17 09:30:00";"Vara do Trabalho de São Luiz do Quitunde";inicial
459;0000141-36.2016.5.19.0056;"2016-03-16 09:05:00";"Vara do Trabalho de São Luiz do Quitunde";inicial
460;0000142-21.2016.5.19.0056;"2016-03-16 09:10:00";"Vara do Trabalho de São Luiz do Quitunde";inicial
461;0000143-06.2016.5.19.0056;"2016-03-16 09:15:00";"Vara do Trabalho de São Luiz do Quitunde";inicial
462;0000137-96.2016.5.19.0056;"2016-03-16 08:45:00";"Vara do Trabalho de São Luiz do Quitunde";inicial
463;0000136-14.2016.5.19.0056;"2016-03-16 08:40:00";"Vara do Trabalho de São Luiz do Quitunde";inicial
464;0000138-81.2016.5.19.0056;"2016-03-16 08:50:00";"Vara do Trabalho de São Luiz do Quitunde";inicial
465;0000008-91.2016.5.19.0056;"2016-02-15 08:45:00";"Vara do Trabalho de São Luiz do Quitunde";inicial
466;0000133-59.2016.5.19.0056;"2016-03-14 09:40:00";"Vara do Trabalho de São Luiz do Quitunde";inicial
467;0000009-76.2016.5.19.0056;"2016-02-15 08:50:00";"Vara do Trabalho de São Luiz do Quitunde";inicial
468;0000140-51.2016.5.19.0056;"2016-03-16 09:00:00";"Vara do Trabalho de São Luiz do Quitunde";inicial
469;0000139-66.2016.5.19.0056;"2016-03-16 08:55:00";"Vara do Trabalho de São Luiz do Quitunde";inicial
470;0000969-66.2015.5.19.0056;"2015-11-09 08:50:00";"Vara do Trabalho de São Luiz do Quitunde";inicial
471;0000884-80.2015.5.19.0056;"2015-09-30 09:15:00";"Vara do Trabalho de São Luiz do Quitunde";inicial
472;0000185-26.2014.5.19.0056;"2015-02-05 10:30:00";"Vara do Trabalho de São Luiz do Quitunde";"conciliação em conhecimento"
473;0000185-26.2014.5.19.0056;"2014-05-20 18:00:00";"Vara do Trabalho de São Luiz do Quitunde";julgamento
474;0000185-26.2014.5.19.0056;"2014-05-08 09:10:00";"Vara do Trabalho de São Luiz do Quitunde";instrução
475;0000185-26.2014.5.19.0056;"2014-04-29 09:00:00";"Vara do Trabalho de São Luiz do Quitunde";instrução
476;0000185-26.2014.5.19.0056;"2014-03-18 10:35:00";"Vara do Trabalho de São Luiz do Quitunde";inicial
477;0000273-16.2022.5.17.0161;"2022-05-17 13:50:00";" Telepresencial - 1_Impar_Juiz Titular - Vara do Trabalho de Linhares";inicial
478;0000273-16.2022.5.17.0161;"2022-05-09 13:30:00";" Telepresencial - 1_Impar_Juiz Titular - Vara do Trabalho de Linhares";inicial
479;0001109-37.2014.5.19.0056;"2014-10-22 11:10:00";"Vara do Trabalho de São Luiz do Quitunde";instrução
480;0001109-37.2014.5.19.0056;"2014-10-21 14:10:00";"Vara do Trabalho de São Luiz do Quitunde";inicial
481;0000138-52.2014.5.19.0056;"2014-10-21 15:40:00";"Vara do Trabalho de São Luiz do Quitunde";"conciliação em conhecimento"
482;0000138-52.2014.5.19.0056;"2014-05-20 17:00:00";"Vara do Trabalho de São Luiz do Quitunde";julgamento
483;0000138-52.2014.5.19.0056;"2014-05-06 09:40:00";"Vara do Trabalho de São Luiz do Quitunde";instrução
484;0000138-52.2014.5.19.0056;"2014-04-01 11:05:00";"Vara do Trabalho de São Luiz do Quitunde";inicial
485;0000138-52.2014.5.19.0056;"2014-02-26 10:10:00";"Vara do Trabalho de São Luiz do Quitunde";inicial
486;0000341-14.2014.5.19.0056;"2015-02-05 10:40:00";"Vara do Trabalho de São Luiz do Quitunde";"conciliação em conhecimento"
487;0000341-14.2014.5.19.0056;"2014-05-08 15:15:00";"Vara do Trabalho de São Luiz do Quitunde";julgamento
488;0000341-14.2014.5.19.0056;"2014-04-23 10:25:00";"Vara do Trabalho de São Luiz do Quitunde";inicial
489;0000510-27.2018.5.08.0101;"2019-02-25 09:00:00";"1ª VARA DO TRABALHO DE ABAETETUBA";una
490;0000510-27.2018.5.08.0101;"2018-11-19 09:30:00";"1ª VARA DO TRABALHO DE ABAETETUBA";una
491;0000510-27.2018.5.08.0101;"2018-10-02 10:10:00";"1ª VARA DO TRABALHO DE ABAETETUBA";una
492;0000286-63.2014.5.19.0056;"2015-02-05 10:15:00";"Vara do Trabalho de São Luiz do Quitunde";"conciliação em conhecimento"
493;0000286-63.2014.5.19.0056;"2014-04-24 14:30:00";"Vara do Trabalho de São Luiz do Quitunde";julgamento
494;0000286-63.2014.5.19.0056;"2014-04-09 10:00:00";"Vara do Trabalho de São Luiz do Quitunde";inicial
495;0000069-06.2018.5.06.0391;"2018-03-08 11:10:00";"Vara Única do Trabalho de Salgueiro";"conciliação em conhecimento"
496;0000069-06.2018.5.06.0391;"2018-04-03 09:26:00";"Vara Única do Trabalho de Salgueiro";una
497;0002009-55.2014.5.08.0208;"2015-01-27 09:15:00";"5ª Vara do Trabalho de Macapá";una
498;0001006-93.2015.5.19.0056;"2015-12-14 08:45:00";"Vara do Trabalho de São Luiz do Quitunde";inicial
499;0001006-93.2015.5.19.0056;"2015-11-16 08:40:00";"Vara do Trabalho de São Luiz do Quitunde";inicial
500;0001057-07.2015.5.19.0056;"2015-12-07 09:05:00";"Vara do Trabalho de São Luiz do Quitunde";inicial
501;0000101-88.2015.5.19.0056;"2015-05-13 11:30:00";"Vara do Trabalho de São Luiz do Quitunde";instrução
502;0000101-88.2015.5.19.0056;"2015-04-16 11:00:00";"Vara do Trabalho de São Luiz do Quitunde";instrução
503;0000101-88.2015.5.19.0056;"2015-03-19 10:10:00";"Vara do Trabalho de São Luiz do Quitunde";inicial
504;0000101-88.2015.5.19.0056;"2015-03-03 09:40:00";"Vara do Trabalho de São Luiz do Quitunde";inicial
505;0001053-67.2015.5.19.0056;"2015-12-07 08:45:00";"Vara do Trabalho de São Luiz do Quitunde";inicial
506;0001055-37.2015.5.19.0056;"2015-12-07 08:55:00";"Vara do Trabalho de São Luiz do Quitunde";inicial
507;0001015-11.2015.5.19.0006;"2015-08-25 09:05:00";"6ª Vara do Trabalho de Maceió";inicial
508;0001115-10.2015.5.19.0056;"2016-02-03 10:05:00";"Vara do Trabalho de São Luiz do Quitunde";instrução
509;0001115-10.2015.5.19.0056;"2016-01-27 09:20:00";"Vara do Trabalho de São Luiz do Quitunde";inicial
510;0000170-86.2016.5.19.0056;"2016-03-30 09:05:00";"Vara do Trabalho de São Luiz do Quitunde";inicial
511;0000187-59.2015.5.19.0056;"2015-04-22 11:20:00";"Vara do Trabalho de São Luiz do Quitunde";instrução
512;0000187-59.2015.5.19.0056;"2015-03-24 09:48:00";"Vara do Trabalho de São Luiz do Quitunde";inicial
513;0000187-59.2015.5.19.0056;"2015-03-19 09:50:00";"Vara do Trabalho de São Luiz do Quitunde";inicial
514;0001524-45.2015.5.19.0004;"2016-02-03 09:35:00";"4ª Vara do Trabalho de Maceió";inicial
515;0000186-74.2015.5.19.0056;"2015-05-05 15:30:00";"Vara do Trabalho de São Luiz do Quitunde";julgamento
516;0000186-74.2015.5.19.0056;"2015-04-22 11:10:00";"Vara do Trabalho de São Luiz do Quitunde";instrução
517;0000186-74.2015.5.19.0056;"2015-03-24 09:45:00";"Vara do Trabalho de São Luiz do Quitunde";inicial
518;0000186-74.2015.5.19.0056;"2015-03-19 09:45:00";"Vara do Trabalho de São Luiz do Quitunde";inicial
519;0001252-36.2015.5.19.0009;"2016-03-01 13:35:00";"6ª Vara do Trabalho de Maceió";inicial
520;0001252-36.2015.5.19.0009;"2015-11-25 13:20:00";"9ª Vara do Trabalho de Maceió";inicial
521;0000185-89.2015.5.19.0056;"2015-04-22 11:00:00";"Vara do Trabalho de São Luiz do Quitunde";instrução
522;0000185-89.2015.5.19.0056;"2015-03-24 09:40:00";"Vara do Trabalho de São Luiz do Quitunde";inicial
523;0000185-89.2015.5.19.0056;"2015-03-19 09:40:00";"Vara do Trabalho de São Luiz do Quitunde";inicial
524;0000377-82.2016.5.19.0057;"2016-06-08 10:20:00";"Vara do Trabalho de São Luiz do Quitunde";una
525;0000377-82.2016.5.19.0057;"2016-06-06 09:55:00";"Vara do Trabalho de São Luiz do Quitunde";una
526;0000377-82.2016.5.19.0057;"2016-06-20 09:10:00";"Vara do Trabalho de São Luiz do Quitunde";una
527;0000377-82.2016.5.19.0057;"2016-04-26 11:40:00";"Vara do Trabalho de Porto Calvo";una
528;0000377-82.2016.5.19.0057;"2016-04-20 11:20:00";"Vara do Trabalho de Porto Calvo";una
529;0000225-71.2015.5.19.0056;"2015-08-03 16:00:00";"Vara do Trabalho de São Luiz do Quitunde";julgamento
530;0000225-71.2015.5.19.0056;"2015-07-02 10:50:00";"Vara do Trabalho de São Luiz do Quitunde";instrução
531;0000225-71.2015.5.19.0056;"2015-06-10 11:00:00";"Vara do Trabalho de São Luiz do Quitunde";instrução
532;0000225-71.2015.5.19.0056;"2015-05-13 11:20:00";"Vara do Trabalho de São Luiz do Quitunde";instrução
533;0000225-71.2015.5.19.0056;"2015-04-16 10:20:00";"Vara do Trabalho de São Luiz do Quitunde";inicial
534;0000225-71.2015.5.19.0056;"2015-03-24 10:30:00";"Vara do Trabalho de São Luiz do Quitunde";inicial
535;0000300-44.2016.5.19.0002;"2016-04-04 09:50:00";"2ª Vara do Trabalho de Maceió";una
536;0000360-49.2016.5.19.0056;"2016-05-18 09:25:00";"Vara do Trabalho de São Luiz do Quitunde";inicial
537;0000214-42.2015.5.19.0056;"2015-06-10 11:30:00";"Vara do Trabalho de São Luiz do Quitunde";instrução
538;0000214-42.2015.5.19.0056;"2015-05-26 10:40:00";"Vara do Trabalho de São Luiz do Quitunde";instrução
539;0000214-42.2015.5.19.0056;"2015-04-23 10:40:00";"Vara do Trabalho de São Luiz do Quitunde";instrução
540;0000214-42.2015.5.19.0056;"2015-03-24 09:55:00";"Vara do Trabalho de São Luiz do Quitunde";inicial
541;0000343-47.2015.5.19.0056;"2015-04-23 09:30:00";"Vara do Trabalho de São Luiz do Quitunde";inicial
542;0000296-73.2015.5.19.0056;"2015-05-12 11:40:00";"Vara do Trabalho de São Luiz do Quitunde";instrução
543;0000296-73.2015.5.19.0056;"2015-04-16 09:25:00";"Vara do Trabalho de São Luiz do Quitunde";inicial
544;0000376-97.2016.5.19.0057;"2016-05-17 11:40:00";"Vara do Trabalho de Porto Calvo";una
545;0000376-97.2016.5.19.0057;"2016-04-20 11:10:00";"Vara do Trabalho de Porto Calvo";una
546;0000305-35.2015.5.19.0056;"2015-04-16 10:00:00";"Vara do Trabalho de São Luiz do Quitunde";inicial
547;0000247-95.2016.5.19.0056;"2016-04-11 09:55:00";"Vara do Trabalho de São Luiz do Quitunde";una
548;0000306-20.2015.5.19.0056;"2015-04-16 10:05:00";"Vara do Trabalho de São Luiz do Quitunde";inicial
549;0000239-21.2016.5.19.0056;"2016-04-06 09:55:00";"Vara do Trabalho de São Luiz do Quitunde";una
550;0000451-76.2015.5.19.0056;"2015-06-10 11:10:00";"Vara do Trabalho de São Luiz do Quitunde";instrução
551;0000451-76.2015.5.19.0056;"2015-05-14 09:10:00";"Vara do Trabalho de São Luiz do Quitunde";inicial
552;0000639-69.2015.5.19.0056;"2015-07-07 09:00:00";"Vara do Trabalho de São Luiz do Quitunde";inicial
553;0000070-34.2016.5.19.0056;"2016-02-24 09:40:00";"Vara do Trabalho de São Luiz do Quitunde";inicial
554;0000099-21.2015.5.19.0056;"2015-04-16 10:50:00";"Vara do Trabalho de São Luiz do Quitunde";instrução
555;0000099-21.2015.5.19.0056;"2015-03-19 10:05:00";"Vara do Trabalho de São Luiz do Quitunde";inicial
556;0000099-21.2015.5.19.0056;"2015-03-03 09:30:00";"Vara do Trabalho de São Luiz do Quitunde";inicial
557;0000838-91.2015.5.19.0056;"2015-09-21 08:55:00";"Vara do Trabalho de São Luiz do Quitunde";inicial
558;0000656-08.2015.5.19.0056;"2015-08-07 09:00:00";"Vara do Trabalho de São Luiz do Quitunde";julgamento
559;0000656-08.2015.5.19.0056;"2015-07-28 13:40:00";"Vara do Trabalho de São Luiz do Quitunde";instrução
560;0000656-08.2015.5.19.0056;"2015-07-21 12:55:00";"Vara do Trabalho de São Luiz do Quitunde";inicial
561;0000656-08.2015.5.19.0056;"2015-07-14 09:25:00";"Vara do Trabalho de São Luiz do Quitunde";inicial
562;0001182-27.2017.5.08.0115;"2018-07-23 08:20:00";"VARA DO TRABALHO DE SANTA IZABEL DO PARÁ";una
563;0001180-57.2017.5.08.0115;"2018-07-23 08:10:00";"VARA DO TRABALHO DE SANTA IZABEL DO PARÁ";una
564;0001181-42.2017.5.08.0115;"2018-07-23 08:15:00";"VARA DO TRABALHO DE SANTA IZABEL DO PARÁ";una
565;0001183-12.2017.5.08.0115;"2018-07-23 08:25:00";"VARA DO TRABALHO DE SANTA IZABEL DO PARÁ";una
566;0001178-87.2017.5.08.0115;"2018-07-19 09:20:00";"VARA DO TRABALHO DE SANTA IZABEL DO PARÁ";una
567;0001175-35.2017.5.08.0115;"2018-07-19 09:05:00";"VARA DO TRABALHO DE SANTA IZABEL DO PARÁ";una
568;0001185-79.2017.5.08.0115;"2018-07-23 08:35:00";"VARA DO TRABALHO DE SANTA IZABEL DO PARÁ";una
569;0001177-05.2017.5.08.0115;"2018-07-19 09:15:00";"VARA DO TRABALHO DE SANTA IZABEL DO PARÁ";una
570;0001176-20.2017.5.08.0115;"2018-07-19 09:10:00";"VARA DO TRABALHO DE SANTA IZABEL DO PARÁ";una
571;0000674-29.2015.5.19.0056;"2015-07-21 13:00:00";"Vara do Trabalho de São Luiz do Quitunde";inicial
572;0000840-61.2015.5.19.0056;"2015-09-21 09:05:00";"Vara do Trabalho de São Luiz do Quitunde";inicial
573;0000835-39.2015.5.19.0056;"2015-09-21 08:40:00";"Vara do Trabalho de São Luiz do Quitunde";inicial
574;0000860-52.2015.5.19.0056;"2015-09-21 12:22:00";"Vara do Trabalho de São Luiz do Quitunde";inicial
575;0000860-52.2015.5.19.0056;"2015-09-23 08:30:00";"Vara do Trabalho de São Luiz do Quitunde";inicial
576;0000557-38.2015.5.19.0056;"2015-06-25 10:05:00";"Vara do Trabalho de São Luiz do Quitunde";inicial
577;0000557-38.2015.5.19.0056;"2015-06-11 09:25:00";"Vara do Trabalho de São Luiz do Quitunde";inicial
578;0000836-24.2015.5.19.0056;"2015-09-21 08:45:00";"Vara do Trabalho de São Luiz do Quitunde";inicial
579;0000837-09.2015.5.19.0056;"2015-09-21 08:50:00";"Vara do Trabalho de São Luiz do Quitunde";inicial
580;0000042-03.2015.5.19.0056;"2015-04-16 10:40:00";"Vara do Trabalho de São Luiz do Quitunde";instrução
581;0000042-03.2015.5.19.0056;"2015-03-19 10:00:00";"Vara do Trabalho de São Luiz do Quitunde";inicial
582;0000042-03.2015.5.19.0056;"2015-03-03 09:00:00";"Vara do Trabalho de São Luiz do Quitunde";inicial
583;0000042-03.2015.5.19.0056;"2015-02-11 09:15:00";"Vara do Trabalho de São Luiz do Quitunde";inicial
584;0000811-33.2014.5.19.0060;"2015-08-12 11:50:00";"1ª Vara do Trabalho de União dos Palmares";una
585;0000811-33.2014.5.19.0060;"2015-08-04 11:30:00";"1ª Vara do Trabalho de União dos Palmares";una
586;0000811-33.2014.5.19.0060;"2015-06-09 11:20:00";"1ª Vara do Trabalho de União dos Palmares";una
587;0000811-33.2014.5.19.0060;"2014-12-12 12:40:00";"1ª Vara do Trabalho de União dos Palmares";julgamento
588;0000811-33.2014.5.19.0060;"2014-12-04 08:40:00";"1ª Vara do Trabalho de União dos Palmares";instrução
589;0000811-33.2014.5.19.0060;"2014-12-03 09:10:00";"1ª Vara do Trabalho de União dos Palmares";instrução
590;0000811-33.2014.5.19.0060;"2014-10-28 10:40:00";"1ª Vara do Trabalho de União dos Palmares";una
591;0001373-64.2015.5.19.0009;"2017-08-04 08:00:00";"9ª Vara do Trabalho de Maceió";instrução
592;0001373-64.2015.5.19.0009;"2016-11-11 08:30:00";"9ª Vara do Trabalho de Maceió";instrução
593;0001373-64.2015.5.19.0009;"2016-04-27 08:35:00";"9ª Vara do Trabalho de Maceió";inicial
594;0001373-64.2015.5.19.0009;"2016-02-02 13:05:00";"9ª Vara do Trabalho de Maceió";inicial
595;0000165-35.2014.5.19.0056;"2015-02-12 10:35:00";"Vara do Trabalho de São Luiz do Quitunde";"conciliação em conhecimento"
596;0000165-35.2014.5.19.0056;"2014-04-24 15:00:00";"Vara do Trabalho de São Luiz do Quitunde";julgamento
597;0000165-35.2014.5.19.0056;"2014-04-09 09:00:00";"Vara do Trabalho de São Luiz do Quitunde";instrução
598;0000165-35.2014.5.19.0056;"2014-03-12 09:55:00";"Vara do Trabalho de São Luiz do Quitunde";inicial
